BehaviorSpace results (NetLogo 6.2.2),,,,,,,,,,,
Sugarscape 2 demo.nlogo,,,,,,,,,,,
vision-meta,,,,,,,,,,,
02/17/2022 19:56:47:589 +0800,,,,,,,,,,,
min-pxcor,max-pxcor,min-pycor,max-pycor,,,,,,,,
0,49,0,49,,,,,,,,
[run number],visualization,initial-population,max-metabolism,max-vision,[step],count turtles,mean [vision] of turtles,mean [metabolism] of turtles,,survival-rate,survival-rate-average
1,no-visualization,550,1,1,800,468,1,1,,0.850909091,0.855454545
2,no-visualization,550,1,1,800,465,1,1,,0.845454545,
3,no-visualization,550,1,1,800,477,1,1,,0.867272727,
4,no-visualization,550,1,1,800,463,1,1,,0.841818182,
5,no-visualization,550,1,1,800,479,1,1,,0.870909091,
6,no-visualization,550,1,1,800,477,1,1,,0.867272727,
7,no-visualization,550,1,1,800,461,1,1,,0.838181818,
8,no-visualization,550,1,1,800,458,1,1,,0.832727273,
9,no-visualization,550,1,1,800,475,1,1,,0.863636364,
10,no-visualization,550,1,1,800,482,1,1,,0.876363636,
11,no-visualization,550,1,2,800,478,1.481171548,1,,0.869090909,0.882727273
12,no-visualization,550,1,2,800,486,1.54526749,1,,0.883636364,
13,no-visualization,550,1,2,800,471,1.55626327,1,,0.856363636,
14,no-visualization,550,1,2,800,488,1.5,1,,0.887272727,
15,no-visualization,550,1,2,800,488,1.512295082,1,,0.887272727,
16,no-visualization,550,1,2,800,498,1.524096386,1,,0.905454545,
17,no-visualization,550,1,2,800,491,1.541751527,1,,0.892727273,
18,no-visualization,550,1,2,800,478,1.5041841,1,,0.869090909,
19,no-visualization,550,1,2,800,494,1.510121457,1,,0.898181818,
20,no-visualization,550,1,2,800,483,1.498964803,1,,0.878181818,
21,no-visualization,550,1,3,800,494,2,1,,0.898181818,0.900181818
22,no-visualization,550,1,3,800,492,2.016260163,1,,0.894545455,
23,no-visualization,550,1,3,800,495,2.056565657,1,,0.9,
24,no-visualization,550,1,3,800,492,2.016260163,1,,0.894545455,
25,no-visualization,550,1,3,800,493,1.997971602,1,,0.896363636,
26,no-visualization,550,1,3,800,498,2.010040161,1,,0.905454545,
27,no-visualization,550,1,3,800,499,2.068136273,1,,0.907272727,
28,no-visualization,550,1,3,800,496,1.995967742,1,,0.901818182,
29,no-visualization,550,1,3,800,498,1.973895582,1,,0.905454545,
30,no-visualization,550,1,3,800,494,2.010121457,1,,0.898181818,
31,no-visualization,550,1,4,800,505,2.56039604,1,,0.918181818,0.909090909
32,no-visualization,550,1,4,800,484,2.621900826,1,,0.88,
33,no-visualization,550,1,4,800,499,2.577154309,1,,0.907272727,
34,no-visualization,550,1,4,800,506,2.571146245,1,,0.92,
35,no-visualization,550,1,4,800,500,2.498,1,,0.909090909,
36,no-visualization,550,1,4,800,502,2.593625498,1,,0.912727273,
37,no-visualization,550,1,4,800,502,2.486055777,1,,0.912727273,
38,no-visualization,550,1,4,800,495,2.561616162,1,,0.9,
39,no-visualization,550,1,4,800,504,2.541666667,1,,0.916363636,
40,no-visualization,550,1,4,800,503,2.520874751,1,,0.914545455,
41,no-visualization,550,1,5,800,506,2.97826087,1,,0.92,0.927818182
42,no-visualization,550,1,5,800,507,3.177514793,1,,0.921818182,
43,no-visualization,550,1,5,800,510,3.092156863,1,,0.927272727,
44,no-visualization,550,1,5,800,504,3.113095238,1,,0.916363636,
45,no-visualization,550,1,5,800,507,3.238658777,1,,0.921818182,
46,no-visualization,550,1,5,800,509,3.176817289,1,,0.925454545,
47,no-visualization,550,1,5,800,507,2.986193294,1,,0.921818182,
48,no-visualization,550,1,5,800,516,3.207364341,1,,0.938181818,
49,no-visualization,550,1,5,800,522,3.105363985,1,,0.949090909,
50,no-visualization,550,1,5,800,515,3.048543689,1,,0.936363636,
51,no-visualization,550,1,6,800,522,3.455938697,1,,0.949090909,0.939090909
52,no-visualization,550,1,6,800,516,3.521317829,1,,0.938181818,
53,no-visualization,550,1,6,800,511,3.641878669,1,,0.929090909,
54,no-visualization,550,1,6,800,520,3.598076923,1,,0.945454545,
55,no-visualization,550,1,6,800,526,3.576045627,1,,0.956363636,
56,no-visualization,550,1,6,800,509,3.536345776,1,,0.925454545,
57,no-visualization,550,1,6,800,523,3.619502868,1,,0.950909091,
58,no-visualization,550,1,6,800,504,3.621031746,1,,0.916363636,
59,no-visualization,550,1,6,800,522,3.572796935,1,,0.949090909,
60,no-visualization,550,1,6,800,512,3.470703125,1,,0.930909091,
61,no-visualization,550,1,7,800,519,3.976878613,1,,0.943636364,0.941272727
62,no-visualization,550,1,7,800,516,4.125968992,1,,0.938181818,
63,no-visualization,550,1,7,800,517,4.135396518,1,,0.94,
64,no-visualization,550,1,7,800,517,4.127659574,1,,0.94,
65,no-visualization,550,1,7,800,517,4.087040619,1,,0.94,
66,no-visualization,550,1,7,800,521,4.111324376,1,,0.947272727,
67,no-visualization,550,1,7,800,518,4.189189189,1,,0.941818182,
68,no-visualization,550,1,7,800,512,4.14453125,1,,0.930909091,
69,no-visualization,550,1,7,800,520,3.919230769,1,,0.945454545,
70,no-visualization,550,1,7,800,520,4.042307692,1,,0.945454545,
71,no-visualization,550,1,8,800,523,4.485659656,1,,0.950909091,0.955090909
72,no-visualization,550,1,8,800,528,4.590909091,1,,0.96,
73,no-visualization,550,1,8,800,531,4.700564972,1,,0.965454545,
74,no-visualization,550,1,8,800,521,4.347408829,1,,0.947272727,
75,no-visualization,550,1,8,800,528,4.785984848,1,,0.96,
76,no-visualization,550,1,8,800,524,4.604961832,1,,0.952727273,
77,no-visualization,550,1,8,800,520,4.523076923,1,,0.945454545,
78,no-visualization,550,1,8,800,526,4.448669202,1,,0.956363636,
79,no-visualization,550,1,8,800,517,4.711798839,1,,0.94,
80,no-visualization,550,1,8,800,535,4.775700935,1,,0.972727273,
81,no-visualization,550,1,9,800,537,5.100558659,1,,0.976363636,0.958727273
82,no-visualization,550,1,9,800,528,5.285984848,1,,0.96,
83,no-visualization,550,1,9,800,526,5.190114068,1,,0.956363636,
84,no-visualization,550,1,9,800,518,4.913127413,1,,0.941818182,
85,no-visualization,550,1,9,800,529,5.137996219,1,,0.961818182,
86,no-visualization,550,1,9,800,524,5.215648855,1,,0.952727273,
87,no-visualization,550,1,9,800,527,4.950664137,1,,0.958181818,
88,no-visualization,550,1,9,800,527,5.007590133,1,,0.958181818,
89,no-visualization,550,1,9,800,534,5.039325843,1,,0.970909091,
90,no-visualization,550,1,9,800,523,5.068833652,1,,0.950909091,
91,no-visualization,550,1,10,800,528,5.75,1,,0.96,0.961272727
92,no-visualization,550,1,10,800,524,5.564885496,1,,0.952727273,
93,no-visualization,550,1,10,800,529,5.495274102,1,,0.961818182,
94,no-visualization,550,1,10,800,531,5.621468927,1,,0.965454545,
95,no-visualization,550,1,10,800,525,5.942857143,1,,0.954545455,
96,no-visualization,550,1,10,800,526,5.790874525,1,,0.956363636,
97,no-visualization,550,1,10,800,526,5.739543726,1,,0.956363636,
98,no-visualization,550,1,10,800,536,5.444029851,1,,0.974545455,
99,no-visualization,550,1,10,800,529,5.856332703,1,,0.961818182,
100,no-visualization,550,1,10,800,533,5.515947467,1,,0.969090909,
101,no-visualization,550,2,1,800,437,1,1.471395881,,0.794545455,0.776909091
102,no-visualization,550,2,1,800,417,1,1.460431655,,0.758181818,
103,no-visualization,550,2,1,800,431,1,1.43387471,,0.783636364,
104,no-visualization,550,2,1,800,416,1,1.418269231,,0.756363636,
105,no-visualization,550,2,1,800,425,1,1.437647059,,0.772727273,
106,no-visualization,550,2,1,800,430,1,1.423255814,,0.781818182,
107,no-visualization,550,2,1,800,423,1,1.382978723,,0.769090909,
108,no-visualization,550,2,1,800,432,1,1.456018519,,0.785454545,
109,no-visualization,550,2,1,800,428,1,1.441588785,,0.778181818,
110,no-visualization,550,2,1,800,434,1,1.433179724,,0.789090909,
111,no-visualization,550,2,2,800,463,1.501079914,1.453563715,,0.841818182,0.805272727
112,no-visualization,550,2,2,800,435,1.52183908,1.434482759,,0.790909091,
113,no-visualization,550,2,2,800,442,1.549773756,1.436651584,,0.803636364,
114,no-visualization,550,2,2,800,447,1.514541387,1.501118568,,0.812727273,
115,no-visualization,550,2,2,800,442,1.481900452,1.459276018,,0.803636364,
116,no-visualization,550,2,2,800,446,1.502242152,1.437219731,,0.810909091,
117,no-visualization,550,2,2,800,443,1.478555305,1.408577878,,0.805454545,
118,no-visualization,550,2,2,800,446,1.495515695,1.477578475,,0.810909091,
119,no-visualization,550,2,2,800,429,1.48951049,1.461538462,,0.78,
120,no-visualization,550,2,2,800,436,1.52293578,1.444954128,,0.792727273,
121,no-visualization,550,2,3,800,457,2,1.485776805,,0.830909091,0.822545455
122,no-visualization,550,2,3,800,450,2.02,1.415555556,,0.818181818,
123,no-visualization,550,2,3,800,445,2.087640449,1.447191011,,0.809090909,
124,no-visualization,550,2,3,800,453,2.057395143,1.445916115,,0.823636364,
125,no-visualization,550,2,3,800,439,2.086560364,1.469248292,,0.798181818,
126,no-visualization,550,2,3,800,466,2.036480687,1.43776824,,0.847272727,
127,no-visualization,550,2,3,800,454,2.055066079,1.45154185,,0.825454545,
128,no-visualization,550,2,3,800,446,2.00896861,1.464125561,,0.810909091,
129,no-visualization,550,2,3,800,451,2.00443459,1.45232816,,0.82,
130,no-visualization,550,2,3,800,463,2.017278618,1.468682505,,0.841818182,
131,no-visualization,550,2,4,800,447,2.532438479,1.44966443,,0.812727273,0.840363636
132,no-visualization,550,2,4,800,466,2.47639485,1.439914163,,0.847272727,
133,no-visualization,550,2,4,800,459,2.527233115,1.470588235,,0.834545455,
134,no-visualization,550,2,4,800,463,2.555075594,1.427645788,,0.841818182,
135,no-visualization,550,2,4,800,462,2.608225108,1.430735931,,0.84,
136,no-visualization,550,2,4,800,471,2.57537155,1.464968153,,0.856363636,
137,no-visualization,550,2,4,800,465,2.552688172,1.470967742,,0.845454545,
138,no-visualization,550,2,4,800,464,2.642241379,1.489224138,,0.843636364,
139,no-visualization,550,2,4,800,463,2.507559395,1.490280778,,0.841818182,
140,no-visualization,550,2,4,800,462,2.558441558,1.487012987,,0.84,
141,no-visualization,550,2,5,800,479,3.123173278,1.442588727,,0.870909091,0.867454545
142,no-visualization,550,2,5,800,467,3.066381156,1.473233405,,0.849090909,
143,no-visualization,550,2,5,800,485,3.07628866,1.46185567,,0.881818182,
144,no-visualization,550,2,5,800,485,3.070103093,1.451546392,,0.881818182,
145,no-visualization,550,2,5,800,469,3.057569296,1.479744136,,0.852727273,
146,no-visualization,550,2,5,800,471,3.099787686,1.44373673,,0.856363636,
147,no-visualization,550,2,5,800,486,3.216049383,1.473251029,,0.883636364,
148,no-visualization,550,2,5,800,474,3.092827004,1.497890295,,0.861818182,
149,no-visualization,550,2,5,800,483,3.17184265,1.426501035,,0.878181818,
150,no-visualization,550,2,5,800,472,3.131355932,1.447033898,,0.858181818,
151,no-visualization,550,2,6,800,487,3.60164271,1.468172485,,0.885454545,0.884
152,no-visualization,550,2,6,800,476,3.672268908,1.453781513,,0.865454545,
153,no-visualization,550,2,6,800,480,3.69375,1.483333333,,0.872727273,
154,no-visualization,550,2,6,800,482,3.520746888,1.452282158,,0.876363636,
155,no-visualization,550,2,6,800,494,3.572874494,1.447368421,,0.898181818,
156,no-visualization,550,2,6,800,489,3.644171779,1.437627812,,0.889090909,
157,no-visualization,550,2,6,800,497,3.676056338,1.464788732,,0.903636364,
158,no-visualization,550,2,6,800,483,3.637681159,1.453416149,,0.878181818,
159,no-visualization,550,2,6,800,484,3.72107438,1.466942149,,0.88,
160,no-visualization,550,2,6,800,490,3.773469388,1.463265306,,0.890909091,
161,no-visualization,550,2,7,800,495,4.133333333,1.482828283,,0.9,0.898181818
162,no-visualization,550,2,7,800,497,4.142857143,1.498993964,,0.903636364,
163,no-visualization,550,2,7,800,495,4.181818182,1.456565657,,0.9,
164,no-visualization,550,2,7,800,485,4.226804124,1.494845361,,0.881818182,
165,no-visualization,550,2,7,800,487,4.18275154,1.45174538,,0.885454545,
166,no-visualization,550,2,7,800,486,4.100823045,1.452674897,,0.883636364,
167,no-visualization,550,2,7,800,503,4.051689861,1.449304175,,0.914545455,
168,no-visualization,550,2,7,800,494,4.145748988,1.463562753,,0.898181818,
169,no-visualization,550,2,7,800,503,4.357852883,1.471172962,,0.914545455,
170,no-visualization,550,2,7,800,495,4.161616162,1.448484848,,0.9,
171,no-visualization,550,2,8,800,509,4.722986248,1.499017682,,0.925454545,0.913090909
172,no-visualization,550,2,8,800,493,4.793103448,1.486815416,,0.896363636,
173,no-visualization,550,2,8,800,505,4.833663366,1.499009901,,0.918181818,
174,no-visualization,550,2,8,800,500,4.696,1.462,,0.909090909,
175,no-visualization,550,2,8,800,513,4.861598441,1.487329435,,0.932727273,
176,no-visualization,550,2,8,800,498,4.793172691,1.453815261,,0.905454545,
177,no-visualization,550,2,8,800,501,4.872255489,1.447105788,,0.910909091,
178,no-visualization,550,2,8,800,494,4.653846154,1.493927126,,0.898181818,
179,no-visualization,550,2,8,800,502,4.780876494,1.501992032,,0.912727273,
180,no-visualization,550,2,8,800,507,4.674556213,1.475345168,,0.921818182,
181,no-visualization,550,2,9,800,500,5.206,1.51,,0.909090909,0.915090909
182,no-visualization,550,2,9,800,507,5.360946746,1.455621302,,0.921818182,
183,no-visualization,550,2,9,800,506,5.28458498,1.464426877,,0.92,
184,no-visualization,550,2,9,800,509,5.10805501,1.502946955,,0.925454545,
185,no-visualization,550,2,9,800,504,5.279761905,1.448412698,,0.916363636,
186,no-visualization,550,2,9,800,510,5.239215686,1.488235294,,0.927272727,
187,no-visualization,550,2,9,800,506,5.152173913,1.464426877,,0.92,
188,no-visualization,550,2,9,800,504,5.281746032,1.456349206,,0.916363636,
189,no-visualization,550,2,9,800,492,5.25,1.475609756,,0.894545455,
190,no-visualization,550,2,9,800,495,5.214141414,1.454545455,,0.9,
191,no-visualization,550,2,10,800,522,5.827586207,1.490421456,,0.949090909,0.924909091
192,no-visualization,550,2,10,800,509,5.978388998,1.495088409,,0.925454545,
193,no-visualization,550,2,10,800,500,5.776,1.468,,0.909090909,
194,no-visualization,550,2,10,800,508,5.580708661,1.476377953,,0.923636364,
195,no-visualization,550,2,10,800,518,5.756756757,1.501930502,,0.941818182,
196,no-visualization,550,2,10,800,514,5.747081712,1.472762646,,0.934545455,
197,no-visualization,550,2,10,800,503,5.988071571,1.479125249,,0.914545455,
198,no-visualization,550,2,10,800,500,5.57,1.47,,0.909090909,
199,no-visualization,550,2,10,800,504,5.900793651,1.466269841,,0.916363636,
200,no-visualization,550,2,10,800,509,5.587426326,1.502946955,,0.925454545,
201,no-visualization,550,3,1,800,271,1,1.464944649,,0.492727273,0.529636364
202,no-visualization,550,3,1,800,292,1,1.414383562,,0.530909091,
203,no-visualization,550,3,1,800,286,1,1.444055944,,0.52,
204,no-visualization,550,3,1,800,283,1,1.498233216,,0.514545455,
205,no-visualization,550,3,1,800,300,1,1.43,,0.545454545,
206,no-visualization,550,3,1,800,299,1,1.448160535,,0.543636364,
207,no-visualization,550,3,1,800,303,1,1.491749175,,0.550909091,
208,no-visualization,550,3,1,800,305,1,1.4,,0.554545455,
209,no-visualization,550,3,1,800,285,1,1.452631579,,0.518181818,
210,no-visualization,550,3,1,800,289,1,1.467128028,,0.525454545,
211,no-visualization,550,3,2,800,297,1.609427609,1.491582492,,0.54,0.555454545
212,no-visualization,550,3,2,800,327,1.550458716,1.498470948,,0.594545455,
213,no-visualization,550,3,2,800,313,1.49201278,1.52715655,,0.569090909,
214,no-visualization,550,3,2,800,313,1.488817891,1.504792332,,0.569090909,
215,no-visualization,550,3,2,800,298,1.523489933,1.429530201,,0.541818182,
216,no-visualization,550,3,2,800,292,1.523972603,1.520547945,,0.530909091,
217,no-visualization,550,3,2,800,312,1.516025641,1.512820513,,0.567272727,
218,no-visualization,550,3,2,800,295,1.528813559,1.515254237,,0.536363636,
219,no-visualization,550,3,2,800,301,1.511627907,1.50166113,,0.547272727,
220,no-visualization,550,3,2,800,307,1.501628664,1.560260586,,0.558181818,
221,no-visualization,550,3,3,800,316,1.987341772,1.503164557,,0.574545455,0.568363636
222,no-visualization,550,3,3,800,301,1.983388704,1.548172757,,0.547272727,
223,no-visualization,550,3,3,800,310,2.074193548,1.509677419,,0.563636364,
224,no-visualization,550,3,3,800,318,2.050314465,1.446540881,,0.578181818,
225,no-visualization,550,3,3,800,322,2.059006211,1.50621118,,0.585454545,
226,no-visualization,550,3,3,800,322,2.01863354,1.543478261,,0.585454545,
227,no-visualization,550,3,3,800,315,2.104761905,1.526984127,,0.572727273,
228,no-visualization,550,3,3,800,311,2.077170418,1.540192926,,0.565454545,
229,no-visualization,550,3,3,800,301,2.112956811,1.528239203,,0.547272727,
230,no-visualization,550,3,3,800,310,2.022580645,1.464516129,,0.563636364,
231,no-visualization,550,3,4,800,312,2.666666667,1.509615385,,0.567272727,0.577454545
232,no-visualization,550,3,4,800,310,2.577419355,1.538709677,,0.563636364,
233,no-visualization,550,3,4,800,313,2.638977636,1.49201278,,0.569090909,
234,no-visualization,550,3,4,800,335,2.501492537,1.468656716,,0.609090909,
235,no-visualization,550,3,4,800,308,2.678571429,1.538961039,,0.56,
236,no-visualization,550,3,4,800,315,2.542857143,1.492063492,,0.572727273,
237,no-visualization,550,3,4,800,328,2.618902439,1.490853659,,0.596363636,
238,no-visualization,550,3,4,800,330,2.575757576,1.424242424,,0.6,
239,no-visualization,550,3,4,800,304,2.542763158,1.549342105,,0.552727273,
240,no-visualization,550,3,4,800,321,2.517133956,1.498442368,,0.583636364,
241,no-visualization,550,3,5,800,331,2.960725076,1.450151057,,0.601818182,0.581272727
242,no-visualization,550,3,5,800,300,3.146666667,1.516666667,,0.545454545,
243,no-visualization,550,3,5,800,314,3.089171975,1.484076433,,0.570909091,
244,no-visualization,550,3,5,800,307,3.120521173,1.521172638,,0.558181818,
245,no-visualization,550,3,5,800,323,3.20123839,1.507739938,,0.587272727,
246,no-visualization,550,3,5,800,308,3.064935065,1.496753247,,0.56,
247,no-visualization,550,3,5,800,343,3.096209913,1.440233236,,0.623636364,
248,no-visualization,550,3,5,800,345,3.173913043,1.498550725,,0.627272727,
249,no-visualization,550,3,5,800,323,3.250773994,1.46749226,,0.587272727,
250,no-visualization,550,3,5,800,303,3.188118812,1.399339934,,0.550909091,
251,no-visualization,550,3,6,800,317,3.665615142,1.457413249,,0.576363636,0.591636364
252,no-visualization,550,3,6,800,324,3.50617284,1.435185185,,0.589090909,
253,no-visualization,550,3,6,800,322,3.680124224,1.48447205,,0.585454545,
254,no-visualization,550,3,6,800,318,3.578616352,1.449685535,,0.578181818,
255,no-visualization,550,3,6,800,329,3.665653495,1.431610942,,0.598181818,
256,no-visualization,550,3,6,800,340,3.614705882,1.476470588,,0.618181818,
257,no-visualization,550,3,6,800,320,3.565625,1.45625,,0.581818182,
258,no-visualization,550,3,6,800,330,3.672727273,1.448484848,,0.6,
259,no-visualization,550,3,6,800,330,3.9,1.451515152,,0.6,
260,no-visualization,550,3,6,800,324,3.719135802,1.509259259,,0.589090909,
261,no-visualization,550,3,7,800,327,4.211009174,1.50764526,,0.594545455,0.604727273
262,no-visualization,550,3,7,800,334,3.874251497,1.404191617,,0.607272727,
263,no-visualization,550,3,7,800,346,4.341040462,1.456647399,,0.629090909,
264,no-visualization,550,3,7,800,336,4.267857143,1.476190476,,0.610909091,
265,no-visualization,550,3,7,800,334,4.143712575,1.452095808,,0.607272727,
266,no-visualization,550,3,7,800,329,4.164133739,1.52887538,,0.598181818,
267,no-visualization,550,3,7,800,331,4.205438066,1.47734139,,0.601818182,
268,no-visualization,550,3,7,800,331,3.960725076,1.504531722,,0.601818182,
269,no-visualization,550,3,7,800,331,4.151057402,1.471299094,,0.601818182,
270,no-visualization,550,3,7,800,327,4.110091743,1.470948012,,0.594545455,
271,no-visualization,550,3,8,800,325,4.698461538,1.535384615,,0.590909091,0.603272727
272,no-visualization,550,3,8,800,314,4.72611465,1.50955414,,0.570909091,
273,no-visualization,550,3,8,800,339,4.749262537,1.451327434,,0.616363636,
274,no-visualization,550,3,8,800,345,4.895652174,1.472463768,,0.627272727,
275,no-visualization,550,3,8,800,329,4.854103343,1.489361702,,0.598181818,
276,no-visualization,550,3,8,800,329,4.574468085,1.501519757,,0.598181818,
277,no-visualization,550,3,8,800,342,4.684210526,1.485380117,,0.621818182,
278,no-visualization,550,3,8,800,329,4.58662614,1.519756839,,0.598181818,
279,no-visualization,550,3,8,800,337,4.744807122,1.480712166,,0.612727273,
280,no-visualization,550,3,8,800,329,4.489361702,1.507598784,,0.598181818,
281,no-visualization,550,3,9,800,314,5.031847134,1.445859873,,0.570909091,0.599818182
282,no-visualization,550,3,9,800,325,5.169230769,1.492307692,,0.590909091,
283,no-visualization,550,3,9,800,339,5.197640118,1.483775811,,0.616363636,
284,no-visualization,550,3,9,800,323,5.27244582,1.473684211,,0.587272727,
285,no-visualization,550,3,9,800,332,5.415662651,1.460843373,,0.603636364,
286,no-visualization,550,3,9,800,317,5.485804416,1.529968454,,0.576363636,
287,no-visualization,550,3,9,800,344,5.031976744,1.441860465,,0.625454545,
288,no-visualization,550,3,9,800,333,5.273273273,1.432432432,,0.605454545,
289,no-visualization,550,3,9,800,337,5.175074184,1.451038576,,0.612727273,
290,no-visualization,550,3,9,800,335,5.313432836,1.492537313,,0.609090909,
291,no-visualization,550,3,10,800,328,5.539634146,1.490853659,,0.596363636,0.613636364
292,no-visualization,550,3,10,800,334,5.532934132,1.497005988,,0.607272727,
293,no-visualization,550,3,10,800,344,5.64244186,1.49127907,,0.625454545,
294,no-visualization,550,3,10,800,339,5.808259587,1.436578171,,0.616363636,
295,no-visualization,550,3,10,800,340,5.964705882,1.452941176,,0.618181818,
296,no-visualization,550,3,10,800,360,5.613888889,1.519444444,,0.654545455,
297,no-visualization,550,3,10,800,341,5.501466276,1.381231672,,0.62,
298,no-visualization,550,3,10,800,323,5.969040248,1.482972136,,0.587272727,
299,no-visualization,550,3,10,800,332,5.665662651,1.469879518,,0.603636364,
300,no-visualization,550,3,10,800,334,5.763473054,1.476047904,,0.607272727,
301,no-visualization,550,4,1,800,218,1,1.568807339,,0.396363636,0.413272727
302,no-visualization,550,4,1,800,221,1,1.488687783,,0.401818182,
303,no-visualization,550,4,1,800,237,1,1.52742616,,0.430909091,
304,no-visualization,550,4,1,800,231,1,1.471861472,,0.42,
305,no-visualization,550,4,1,800,219,1,1.557077626,,0.398181818,
306,no-visualization,550,4,1,800,210,1,1.623809524,,0.381818182,
307,no-visualization,550,4,1,800,231,1,1.545454545,,0.42,
308,no-visualization,550,4,1,800,247,1,1.477732794,,0.449090909,
309,no-visualization,550,4,1,800,227,1,1.488986784,,0.412727273,
310,no-visualization,550,4,1,800,232,1,1.586206897,,0.421818182,
311,no-visualization,550,4,2,800,259,1.617760618,1.664092664,,0.470909091,0.455818182
312,no-visualization,550,4,2,800,256,1.59375,1.640625,,0.465454545,
313,no-visualization,550,4,2,800,245,1.563265306,1.620408163,,0.445454545,
314,no-visualization,550,4,2,800,248,1.60483871,1.596774194,,0.450909091,
315,no-visualization,550,4,2,800,251,1.549800797,1.589641434,,0.456363636,
316,no-visualization,550,4,2,800,241,1.531120332,1.634854772,,0.438181818,
317,no-visualization,550,4,2,800,252,1.587301587,1.646825397,,0.458181818,
318,no-visualization,550,4,2,800,249,1.53815261,1.642570281,,0.452727273,
319,no-visualization,550,4,2,800,245,1.571428571,1.510204082,,0.445454545,
320,no-visualization,550,4,2,800,261,1.555555556,1.620689655,,0.474545455,
321,no-visualization,550,4,3,800,250,2.172,1.608,,0.454545455,0.472727273
322,no-visualization,550,4,3,800,261,2.24137931,1.655172414,,0.474545455,
323,no-visualization,550,4,3,800,267,2.146067416,1.689138577,,0.485454545,
324,no-visualization,550,4,3,800,268,2.141791045,1.671641791,,0.487272727,
325,no-visualization,550,4,3,800,261,2.103448276,1.666666667,,0.474545455,
326,no-visualization,550,4,3,800,259,2.189189189,1.617760618,,0.470909091,
327,no-visualization,550,4,3,800,260,2.138461538,1.642307692,,0.472727273,
328,no-visualization,550,4,3,800,257,2.073929961,1.770428016,,0.467272727,
329,no-visualization,550,4,3,800,258,2.189922481,1.674418605,,0.469090909,
330,no-visualization,550,4,3,800,259,2.092664093,1.664092664,,0.470909091,
331,no-visualization,550,4,4,800,270,2.718518519,1.677777778,,0.490909091,0.483636364
332,no-visualization,550,4,4,800,273,2.666666667,1.597069597,,0.496363636,
333,no-visualization,550,4,4,800,257,2.645914397,1.692607004,,0.467272727,
334,no-visualization,550,4,4,800,264,2.670454545,1.636363636,,0.48,
335,no-visualization,550,4,4,800,265,2.728301887,1.630188679,,0.481818182,
336,no-visualization,550,4,4,800,261,2.754789272,1.704980843,,0.474545455,
337,no-visualization,550,4,4,800,269,2.836431227,1.680297398,,0.489090909,
338,no-visualization,550,4,4,800,263,2.688212928,1.711026616,,0.478181818,
339,no-visualization,550,4,4,800,267,2.63670412,1.696629213,,0.485454545,
340,no-visualization,550,4,4,800,271,2.67896679,1.667896679,,0.492727273,
341,no-visualization,550,4,5,800,271,3.195571956,1.579335793,,0.492727273,0.488181818
342,no-visualization,550,4,5,800,268,3.388059701,1.641791045,,0.487272727,
343,no-visualization,550,4,5,800,267,3.247191011,1.689138577,,0.485454545,
344,no-visualization,550,4,5,800,263,3.212927757,1.6121673,,0.478181818,
345,no-visualization,550,4,5,800,267,3.187265918,1.621722846,,0.485454545,
346,no-visualization,550,4,5,800,278,3.197841727,1.582733813,,0.505454545,
347,no-visualization,550,4,5,800,254,3.303149606,1.669291339,,0.461818182,
348,no-visualization,550,4,5,800,272,3.202205882,1.658088235,,0.494545455,
349,no-visualization,550,4,5,800,280,3.310714286,1.610714286,,0.509090909,
350,no-visualization,550,4,5,800,265,3.230188679,1.622641509,,0.481818182,
351,no-visualization,550,4,6,800,273,3.871794872,1.663003663,,0.496363636,0.494727273
352,no-visualization,550,4,6,800,265,3.901886792,1.6,,0.481818182,
353,no-visualization,550,4,6,800,283,3.787985866,1.568904594,,0.514545455,
354,no-visualization,550,4,6,800,259,3.656370656,1.633204633,,0.470909091,
355,no-visualization,550,4,6,800,276,3.851449275,1.695652174,,0.501818182,
356,no-visualization,550,4,6,800,272,3.952205882,1.698529412,,0.494545455,
357,no-visualization,550,4,6,800,278,3.920863309,1.525179856,,0.505454545,
358,no-visualization,550,4,6,800,270,3.851851852,1.662962963,,0.490909091,
359,no-visualization,550,4,6,800,268,3.917910448,1.638059701,,0.487272727,
360,no-visualization,550,4,6,800,277,3.696750903,1.577617329,,0.503636364,
361,no-visualization,550,4,7,800,264,4.583333333,1.806818182,,0.48,0.497272727
362,no-visualization,550,4,7,800,265,4.403773585,1.611320755,,0.481818182,
363,no-visualization,550,4,7,800,278,4.179856115,1.676258993,,0.505454545,
364,no-visualization,550,4,7,800,277,4.292418773,1.635379061,,0.503636364,
365,no-visualization,550,4,7,800,278,4.291366906,1.669064748,,0.505454545,
366,no-visualization,550,4,7,800,274,4.116788321,1.660583942,,0.498181818,
367,no-visualization,550,4,7,800,278,4.183453237,1.561151079,,0.505454545,
368,no-visualization,550,4,7,800,277,4.267148014,1.59566787,,0.503636364,
369,no-visualization,550,4,7,800,274,4.397810219,1.572992701,,0.498181818,
370,no-visualization,550,4,7,800,270,4.292592593,1.622222222,,0.490909091,
371,no-visualization,550,4,8,800,274,4.937956204,1.616788321,,0.498181818,0.494909091
372,no-visualization,550,4,8,800,278,4.956834532,1.579136691,,0.505454545,
373,no-visualization,550,4,8,800,271,4.804428044,1.656826568,,0.492727273,
374,no-visualization,550,4,8,800,269,4.869888476,1.553903346,,0.489090909,
375,no-visualization,550,4,8,800,274,4.715328467,1.583941606,,0.498181818,
376,no-visualization,550,4,8,800,267,4.801498127,1.599250936,,0.485454545,
377,no-visualization,550,4,8,800,269,5.111524164,1.542750929,,0.489090909,
378,no-visualization,550,4,8,800,271,4.929889299,1.605166052,,0.492727273,
379,no-visualization,550,4,8,800,277,4.754512635,1.570397112,,0.503636364,
380,no-visualization,550,4,8,800,272,4.845588235,1.610294118,,0.494545455,
381,no-visualization,550,4,9,800,274,5.5,1.565693431,,0.498181818,0.505272727
382,no-visualization,550,4,9,800,277,5.296028881,1.534296029,,0.503636364,
383,no-visualization,550,4,9,800,296,5.668918919,1.621621622,,0.538181818,
384,no-visualization,550,4,9,800,271,5.365313653,1.535055351,,0.492727273,
385,no-visualization,550,4,9,800,286,5.339160839,1.534965035,,0.52,
386,no-visualization,550,4,9,800,273,4.974358974,1.615384615,,0.496363636,
387,no-visualization,550,4,9,800,279,5.193548387,1.544802867,,0.507272727,
388,no-visualization,550,4,9,800,278,5.305755396,1.589928058,,0.505454545,
389,no-visualization,550,4,9,800,274,5.361313869,1.583941606,,0.498181818,
390,no-visualization,550,4,9,800,271,5.317343173,1.612546125,,0.492727273,
391,no-visualization,550,4,10,800,267,6.074906367,1.610486891,,0.485454545,0.496727273
392,no-visualization,550,4,10,800,273,6.003663004,1.538461538,,0.496363636,
393,no-visualization,550,4,10,800,276,5.855072464,1.557971014,,0.501818182,
394,no-visualization,550,4,10,800,280,5.817857143,1.578571429,,0.509090909,
395,no-visualization,550,4,10,800,273,5.813186813,1.575091575,,0.496363636,
396,no-visualization,550,4,10,800,270,6.2,1.514814815,,0.490909091,
397,no-visualization,550,4,10,800,266,5.789473684,1.552631579,,0.483636364,
398,no-visualization,550,4,10,800,266,5.796992481,1.582706767,,0.483636364,
399,no-visualization,550,4,10,800,276,5.956521739,1.485507246,,0.501818182,
400,no-visualization,550,4,10,800,285,6.094736842,1.621052632,,0.518181818,
401,no-visualization,550,5,1,800,200,1,1.68,,0.363636364,0.349454545
402,no-visualization,550,5,1,800,185,1,1.659459459,,0.336363636,
403,no-visualization,550,5,1,800,185,1,1.567567568,,0.336363636,
404,no-visualization,550,5,1,800,199,1,1.608040201,,0.361818182,
405,no-visualization,550,5,1,800,191,1,1.586387435,,0.347272727,
406,no-visualization,550,5,1,800,191,1,1.565445026,,0.347272727,
407,no-visualization,550,5,1,800,195,1,1.615384615,,0.354545455,
408,no-visualization,550,5,1,800,191,1,1.691099476,,0.347272727,
409,no-visualization,550,5,1,800,194,1,1.567010309,,0.352727273,
410,no-visualization,550,5,1,800,191,1,1.680628272,,0.347272727,
411,no-visualization,550,5,2,800,204,1.617647059,1.720588235,,0.370909091,0.370727273
412,no-visualization,550,5,2,800,198,1.545454545,1.818181818,,0.36,
413,no-visualization,550,5,2,800,196,1.647959184,1.724489796,,0.356363636,
414,no-visualization,550,5,2,800,205,1.580487805,1.580487805,,0.372727273,
415,no-visualization,550,5,2,800,207,1.579710145,1.647342995,,0.376363636,
416,no-visualization,550,5,2,800,203,1.571428571,1.694581281,,0.369090909,
417,no-visualization,550,5,2,800,214,1.61682243,1.61682243,,0.389090909,
418,no-visualization,550,5,2,800,201,1.547263682,1.621890547,,0.365454545,
419,no-visualization,550,5,2,800,218,1.568807339,1.669724771,,0.396363636,
420,no-visualization,550,5,2,800,193,1.616580311,1.740932642,,0.350909091,
421,no-visualization,550,5,3,800,232,2.129310345,1.607758621,,0.421818182,0.393272727
422,no-visualization,550,5,3,800,220,2.113636364,1.740909091,,0.4,
423,no-visualization,550,5,3,800,214,2.205607477,1.682242991,,0.389090909,
424,no-visualization,550,5,3,800,222,2.108108108,1.797297297,,0.403636364,
425,no-visualization,550,5,3,800,214,2.121495327,1.663551402,,0.389090909,
426,no-visualization,550,5,3,800,222,2.126126126,1.698198198,,0.403636364,
427,no-visualization,550,5,3,800,216,2.157407407,1.708333333,,0.392727273,
428,no-visualization,550,5,3,800,213,2.183098592,1.845070423,,0.387272727,
429,no-visualization,550,5,3,800,200,2.215,1.815,,0.363636364,
430,no-visualization,550,5,3,800,210,2.147619048,1.719047619,,0.381818182,
431,no-visualization,550,5,4,800,234,2.769230769,1.747863248,,0.425454545,0.410363636
432,no-visualization,550,5,4,800,226,2.734513274,1.694690265,,0.410909091,
433,no-visualization,550,5,4,800,219,2.652968037,1.821917808,,0.398181818,
434,no-visualization,550,5,4,800,231,2.67965368,1.779220779,,0.42,
435,no-visualization,550,5,4,800,221,2.742081448,1.791855204,,0.401818182,
436,no-visualization,550,5,4,800,238,2.781512605,1.760504202,,0.432727273,
437,no-visualization,550,5,4,800,231,2.640692641,1.731601732,,0.42,
438,no-visualization,550,5,4,800,225,2.626666667,1.786666667,,0.409090909,
439,no-visualization,550,5,4,800,225,2.751111111,1.728888889,,0.409090909,
440,no-visualization,550,5,4,800,207,2.579710145,1.758454106,,0.376363636,
441,no-visualization,550,5,5,800,256,3.2734375,1.68359375,,0.465454545,0.430545455
442,no-visualization,550,5,5,800,229,3.283842795,1.737991266,,0.416363636,
443,no-visualization,550,5,5,800,238,3.285714286,1.672268908,,0.432727273,
444,no-visualization,550,5,5,800,245,3.187755102,1.804081633,,0.445454545,
445,no-visualization,550,5,5,800,238,3.331932773,1.697478992,,0.432727273,
446,no-visualization,550,5,5,800,244,3.352459016,1.725409836,,0.443636364,
447,no-visualization,550,5,5,800,240,3.3375,1.7875,,0.436363636,
448,no-visualization,550,5,5,800,230,3.404347826,1.786956522,,0.418181818,
449,no-visualization,550,5,5,800,221,3.330316742,1.737556561,,0.401818182,
450,no-visualization,550,5,5,800,227,3.233480176,1.801762115,,0.412727273,
451,no-visualization,550,5,6,800,248,3.97983871,1.810483871,,0.450909091,0.440181818
452,no-visualization,550,5,6,800,238,3.924369748,1.731092437,,0.432727273,
453,no-visualization,550,5,6,800,253,3.830039526,1.695652174,,0.46,
454,no-visualization,550,5,6,800,238,4.058823529,1.701680672,,0.432727273,
455,no-visualization,550,5,6,800,246,3.943089431,1.735772358,,0.447272727,
456,no-visualization,550,5,6,800,244,3.655737705,1.81557377,,0.443636364,
457,no-visualization,550,5,6,800,247,3.777327935,1.829959514,,0.449090909,
458,no-visualization,550,5,6,800,238,3.768907563,1.714285714,,0.432727273,
459,no-visualization,550,5,6,800,231,3.800865801,1.787878788,,0.42,
460,no-visualization,550,5,6,800,238,3.823529412,1.74789916,,0.432727273,
461,no-visualization,550,5,7,800,239,4.581589958,1.887029289,,0.434545455,0.45
462,no-visualization,550,5,7,800,247,4.502024291,1.704453441,,0.449090909,
463,no-visualization,550,5,7,800,251,4.250996016,1.77689243,,0.456363636,
464,no-visualization,550,5,7,800,251,4.326693227,1.812749004,,0.456363636,
465,no-visualization,550,5,7,800,241,4.460580913,1.701244813,,0.438181818,
466,no-visualization,550,5,7,800,254,4.590551181,1.775590551,,0.461818182,
467,no-visualization,550,5,7,800,247,4.400809717,1.773279352,,0.449090909,
468,no-visualization,550,5,7,800,249,4.325301205,1.803212851,,0.452727273,
469,no-visualization,550,5,7,800,249,4.21686747,1.779116466,,0.452727273,
470,no-visualization,550,5,7,800,247,4.615384615,1.866396761,,0.449090909,
471,no-visualization,550,5,8,800,242,4.929752066,1.768595041,,0.44,0.454363636
472,no-visualization,550,5,8,800,255,4.862745098,1.815686275,,0.463636364,
473,no-visualization,550,5,8,800,254,4.968503937,1.74015748,,0.461818182,
474,no-visualization,550,5,8,800,241,5.066390041,1.684647303,,0.438181818,
475,no-visualization,550,5,8,800,255,5,1.725490196,,0.463636364,
476,no-visualization,550,5,8,800,255,4.878431373,1.745098039,,0.463636364,
477,no-visualization,550,5,8,800,233,4.879828326,1.746781116,,0.423636364,
478,no-visualization,550,5,8,800,262,5.076335878,1.770992366,,0.476363636,
479,no-visualization,550,5,8,800,257,5.007782101,1.661478599,,0.467272727,
480,no-visualization,550,5,8,800,245,4.914285714,1.808163265,,0.445454545,
481,no-visualization,550,5,9,800,262,5.625954198,1.770992366,,0.476363636,0.456909091
482,no-visualization,550,5,9,800,251,5.633466135,1.693227092,,0.456363636,
483,no-visualization,550,5,9,800,240,5.370833333,1.8,,0.436363636,
484,no-visualization,550,5,9,800,258,5.573643411,1.786821705,,0.469090909,
485,no-visualization,550,5,9,800,251,5.298804781,1.689243028,,0.456363636,
486,no-visualization,550,5,9,800,247,5.319838057,1.736842105,,0.449090909,
487,no-visualization,550,5,9,800,249,5.883534137,1.827309237,,0.452727273,
488,no-visualization,550,5,9,800,256,5.49609375,1.796875,,0.465454545,
489,no-visualization,550,5,9,800,245,5.53877551,1.783673469,,0.445454545,
490,no-visualization,550,5,9,800,254,5.736220472,1.649606299,,0.461818182,
491,no-visualization,550,5,10,800,254,6.192913386,1.783464567,,0.461818182,0.462181818
492,no-visualization,550,5,10,800,252,6.007936508,1.738095238,,0.458181818,
493,no-visualization,550,5,10,800,261,5.743295019,1.670498084,,0.474545455,
494,no-visualization,550,5,10,800,248,6.072580645,1.741935484,,0.450909091,
495,no-visualization,550,5,10,800,250,5.788,1.744,,0.454545455,
496,no-visualization,550,5,10,800,256,6.140625,1.7734375,,0.465454545,
497,no-visualization,550,5,10,800,256,5.9375,1.75,,0.465454545,
498,no-visualization,550,5,10,800,256,6.046875,1.6875,,0.465454545,
499,no-visualization,550,5,10,800,255,6.117647059,1.756862745,,0.463636364,
500,no-visualization,550,5,10,800,254,6.307086614,1.779527559,,0.461818182,
501,no-visualization,550,6,1,800,183,1,1.661202186,,0.332727273,0.315090909
502,no-visualization,550,6,1,800,170,1,1.711764706,,0.309090909,
503,no-visualization,550,6,1,800,176,1,1.744318182,,0.32,
504,no-visualization,550,6,1,800,182,1,1.648351648,,0.330909091,
505,no-visualization,550,6,1,800,176,1,1.75,,0.32,
506,no-visualization,550,6,1,800,170,1,1.729411765,,0.309090909,
507,no-visualization,550,6,1,800,159,1,1.647798742,,0.289090909,
508,no-visualization,550,6,1,800,163,1,1.81595092,,0.296363636,
509,no-visualization,550,6,1,800,180,1,1.655555556,,0.327272727,
510,no-visualization,550,6,1,800,174,1,1.747126437,,0.316363636,
511,no-visualization,550,6,2,800,188,1.590425532,1.680851064,,0.341818182,0.324545455
512,no-visualization,550,6,2,800,177,1.610169492,1.734463277,,0.321818182,
513,no-visualization,550,6,2,800,172,1.569767442,1.755813953,,0.312727273,
514,no-visualization,550,6,2,800,169,1.603550296,1.863905325,,0.307272727,
515,no-visualization,550,6,2,800,181,1.674033149,1.812154696,,0.329090909,
516,no-visualization,550,6,2,800,185,1.610810811,1.697297297,,0.336363636,
517,no-visualization,550,6,2,800,187,1.56684492,1.727272727,,0.34,
518,no-visualization,550,6,2,800,176,1.568181818,1.664772727,,0.32,
519,no-visualization,550,6,2,800,180,1.588888889,1.777777778,,0.327272727,
520,no-visualization,550,6,2,800,170,1.523529412,1.670588235,,0.309090909,
521,no-visualization,550,6,3,800,185,2.075675676,1.724324324,,0.336363636,0.344
522,no-visualization,550,6,3,800,182,2.192307692,1.758241758,,0.330909091,
523,no-visualization,550,6,3,800,185,2.12972973,1.702702703,,0.336363636,
524,no-visualization,550,6,3,800,193,2.124352332,1.797927461,,0.350909091,
525,no-visualization,550,6,3,800,200,2.075,1.63,,0.363636364,
526,no-visualization,550,6,3,800,192,2.119791667,1.901041667,,0.349090909,
527,no-visualization,550,6,3,800,182,2.120879121,1.703296703,,0.330909091,
528,no-visualization,550,6,3,800,187,2.101604278,1.721925134,,0.34,
529,no-visualization,550,6,3,800,196,2.12755102,1.678571429,,0.356363636,
530,no-visualization,550,6,3,800,190,2.142105263,1.594736842,,0.345454545,
531,no-visualization,550,6,4,800,204,2.617647059,1.764705882,,0.370909091,0.361272727
532,no-visualization,550,6,4,800,191,2.753926702,1.77486911,,0.347272727,
533,no-visualization,550,6,4,800,205,2.648780488,1.83902439,,0.372727273,
534,no-visualization,550,6,4,800,185,2.691891892,1.848648649,,0.336363636,
535,no-visualization,550,6,4,800,202,2.623762376,1.806930693,,0.367272727,
536,no-visualization,550,6,4,800,188,2.579787234,1.845744681,,0.341818182,
537,no-visualization,550,6,4,800,213,2.79342723,1.849765258,,0.387272727,
538,no-visualization,550,6,4,800,200,2.715,1.81,,0.363636364,
539,no-visualization,550,6,4,800,196,2.709183673,1.765306122,,0.356363636,
540,no-visualization,550,6,4,800,203,2.630541872,1.822660099,,0.369090909,
541,no-visualization,550,6,5,800,211,3.236966825,1.872037915,,0.383636364,0.380181818
542,no-visualization,550,6,5,800,203,3.083743842,1.75862069,,0.369090909,
543,no-visualization,550,6,5,800,218,3.288990826,1.834862385,,0.396363636,
544,no-visualization,550,6,5,800,210,3.3,1.904761905,,0.381818182,
545,no-visualization,550,6,5,800,205,3.2,1.76097561,,0.372727273,
546,no-visualization,550,6,5,800,217,3.235023041,1.811059908,,0.394545455,
547,no-visualization,550,6,5,800,200,3.12,1.885,,0.363636364,
548,no-visualization,550,6,5,800,209,3.224880383,1.722488038,,0.38,
549,no-visualization,550,6,5,800,203,3.266009852,1.763546798,,0.369090909,
550,no-visualization,550,6,5,800,215,3.348837209,1.776744186,,0.390909091,
551,no-visualization,550,6,6,800,217,3.940092166,1.705069124,,0.394545455,0.392909091
552,no-visualization,550,6,6,800,216,4.018518519,1.712962963,,0.392727273,
553,no-visualization,550,6,6,800,213,3.718309859,1.741784038,,0.387272727,
554,no-visualization,550,6,6,800,222,3.779279279,1.824324324,,0.403636364,
555,no-visualization,550,6,6,800,216,3.777777778,1.740740741,,0.392727273,
556,no-visualization,550,6,6,800,222,3.81981982,1.801801802,,0.403636364,
557,no-visualization,550,6,6,800,216,3.944444444,1.773148148,,0.392727273,
558,no-visualization,550,6,6,800,212,3.929245283,1.919811321,,0.385454545,
559,no-visualization,550,6,6,800,217,3.792626728,1.746543779,,0.394545455,
560,no-visualization,550,6,6,800,210,3.80952381,1.885714286,,0.381818182,
561,no-visualization,550,6,7,800,218,4.665137615,1.885321101,,0.396363636,0.396909091
562,no-visualization,550,6,7,800,208,4.379807692,1.841346154,,0.378181818,
563,no-visualization,550,6,7,800,199,4.542713568,1.814070352,,0.361818182,
564,no-visualization,550,6,7,800,219,4.333333333,1.831050228,,0.398181818,
565,no-visualization,550,6,7,800,226,4.637168142,1.867256637,,0.410909091,
566,no-visualization,550,6,7,800,238,4.457983193,1.789915966,,0.432727273,
567,no-visualization,550,6,7,800,212,4.466981132,1.839622642,,0.385454545,
568,no-visualization,550,6,7,800,206,4.155339806,1.90776699,,0.374545455,
569,no-visualization,550,6,7,800,230,4.556521739,1.930434783,,0.418181818,
570,no-visualization,550,6,7,800,227,4.471365639,1.881057269,,0.412727273,
571,no-visualization,550,6,8,800,227,4.894273128,1.757709251,,0.412727273,0.385818182
572,no-visualization,550,6,8,800,202,4.717821782,1.787128713,,0.367272727,
573,no-visualization,550,6,8,800,204,4.651960784,1.941176471,,0.370909091,
574,no-visualization,550,6,8,800,211,4.791469194,1.91943128,,0.383636364,
575,no-visualization,550,6,8,800,220,5.195454545,1.890909091,,0.4,
576,no-visualization,550,6,8,800,206,5.067961165,1.839805825,,0.374545455,
577,no-visualization,550,6,8,800,219,4.762557078,1.899543379,,0.398181818,
578,no-visualization,550,6,8,800,202,4.995049505,1.975247525,,0.367272727,
579,no-visualization,550,6,8,800,214,5.042056075,1.808411215,,0.389090909,
580,no-visualization,550,6,8,800,217,5.142857143,1.870967742,,0.394545455,
581,no-visualization,550,6,9,800,219,5.520547945,1.780821918,,0.398181818,0.402727273
582,no-visualization,550,6,9,800,219,5.648401826,1.913242009,,0.398181818,
583,no-visualization,550,6,9,800,228,5.521929825,1.894736842,,0.414545455,
584,no-visualization,550,6,9,800,215,5.697674419,1.902325581,,0.390909091,
585,no-visualization,550,6,9,800,221,5.561085973,1.981900452,,0.401818182,
586,no-visualization,550,6,9,800,208,5.427884615,1.855769231,,0.378181818,
587,no-visualization,550,6,9,800,228,5.495614035,1.850877193,,0.414545455,
588,no-visualization,550,6,9,800,224,5.857142857,1.901785714,,0.407272727,
589,no-visualization,550,6,9,800,233,5.532188841,1.815450644,,0.423636364,
590,no-visualization,550,6,9,800,220,5.713636364,1.859090909,,0.4,
591,no-visualization,550,6,10,800,228,6.070175439,1.780701754,,0.414545455,0.417818182
592,no-visualization,550,6,10,800,232,5.827586207,1.840517241,,0.421818182,
593,no-visualization,550,6,10,800,240,6.175,1.8125,,0.436363636,
594,no-visualization,550,6,10,800,223,6.062780269,1.775784753,,0.405454545,
595,no-visualization,550,6,10,800,234,5.931623932,1.846153846,,0.425454545,
596,no-visualization,550,6,10,800,228,6.039473684,1.828947368,,0.414545455,
597,no-visualization,550,6,10,800,224,5.96875,1.857142857,,0.407272727,
598,no-visualization,550,6,10,800,221,6.325791855,1.918552036,,0.401818182,
599,no-visualization,550,6,10,800,241,5.813278008,1.771784232,,0.438181818,
600,no-visualization,550,6,10,800,227,6.140969163,1.845814978,,0.412727273,
601,no-visualization,550,7,1,800,145,1,1.772413793,,0.263636364,0.273454545
602,no-visualization,550,7,1,800,139,1,1.755395683,,0.252727273,
603,no-visualization,550,7,1,800,146,1,1.767123288,,0.265454545,
604,no-visualization,550,7,1,800,146,1,1.595890411,,0.265454545,
605,no-visualization,550,7,1,800,158,1,1.715189873,,0.287272727,
606,no-visualization,550,7,1,800,158,1,1.708860759,,0.287272727,
607,no-visualization,550,7,1,800,152,1,1.776315789,,0.276363636,
608,no-visualization,550,7,1,800,138,1,1.688405797,,0.250909091,
609,no-visualization,550,7,1,800,162,1,1.722222222,,0.294545455,
610,no-visualization,550,7,1,800,160,1,1.65625,,0.290909091,
611,no-visualization,550,7,2,800,154,1.551948052,1.642857143,,0.28,0.280545455
612,no-visualization,550,7,2,800,165,1.557575758,1.727272727,,0.3,
613,no-visualization,550,7,2,800,150,1.52,1.726666667,,0.272727273,
614,no-visualization,550,7,2,800,144,1.465277778,1.840277778,,0.261818182,
615,no-visualization,550,7,2,800,162,1.518518519,1.827160494,,0.294545455,
616,no-visualization,550,7,2,800,164,1.579268293,1.817073171,,0.298181818,
617,no-visualization,550,7,2,800,150,1.553333333,1.866666667,,0.272727273,
618,no-visualization,550,7,2,800,160,1.60625,1.8,,0.290909091,
619,no-visualization,550,7,2,800,151,1.496688742,1.735099338,,0.274545455,
620,no-visualization,550,7,2,800,143,1.51048951,1.748251748,,0.26,
621,no-visualization,550,7,3,800,152,2.098684211,1.835526316,,0.276363636,0.29
622,no-visualization,550,7,3,800,164,2.146341463,1.841463415,,0.298181818,
623,no-visualization,550,7,3,800,167,2.119760479,1.688622754,,0.303636364,
624,no-visualization,550,7,3,800,162,2.154320988,1.802469136,,0.294545455,
625,no-visualization,550,7,3,800,165,2.042424242,1.806060606,,0.3,
626,no-visualization,550,7,3,800,165,2.096969697,1.8,,0.3,
627,no-visualization,550,7,3,800,149,2.053691275,1.832214765,,0.270909091,
628,no-visualization,550,7,3,800,154,2.116883117,1.766233766,,0.28,
629,no-visualization,550,7,3,800,141,2.283687943,1.815602837,,0.256363636,
630,no-visualization,550,7,3,800,176,2.079545455,1.6875,,0.32,
631,no-visualization,550,7,4,800,174,2.551724138,1.885057471,,0.316363636,0.311636364
632,no-visualization,550,7,4,800,153,2.784313725,1.790849673,,0.278181818,
633,no-visualization,550,7,4,800,174,2.850574713,1.810344828,,0.316363636,
634,no-visualization,550,7,4,800,173,2.560693642,1.826589595,,0.314545455,
635,no-visualization,550,7,4,800,186,2.612903226,1.801075269,,0.338181818,
636,no-visualization,550,7,4,800,177,2.559322034,1.847457627,,0.321818182,
637,no-visualization,550,7,4,800,158,2.689873418,1.886075949,,0.287272727,
638,no-visualization,550,7,4,800,186,2.650537634,1.779569892,,0.338181818,
639,no-visualization,550,7,4,800,158,2.784810127,1.848101266,,0.287272727,
640,no-visualization,550,7,4,800,175,2.628571429,1.748571429,,0.318181818,
641,no-visualization,550,7,5,800,176,3.193181818,1.829545455,,0.32,0.326181818
642,no-visualization,550,7,5,800,175,3.228571429,1.88,,0.318181818,
643,no-visualization,550,7,5,800,175,3.085714286,1.777142857,,0.318181818,
644,no-visualization,550,7,5,800,187,3.342245989,1.711229947,,0.34,
645,no-visualization,550,7,5,800,159,3.157232704,1.786163522,,0.289090909,
646,no-visualization,550,7,5,800,180,3.205555556,1.827777778,,0.327272727,
647,no-visualization,550,7,5,800,181,3.127071823,1.906077348,,0.329090909,
648,no-visualization,550,7,5,800,183,3.338797814,1.836065574,,0.332727273,
649,no-visualization,550,7,5,800,186,3.268817204,1.946236559,,0.338181818,
650,no-visualization,550,7,5,800,192,3.244791667,1.786458333,,0.349090909,
651,no-visualization,550,7,6,800,185,3.648648649,1.783783784,,0.336363636,0.332727273
652,no-visualization,550,7,6,800,179,3.798882682,1.960893855,,0.325454545,
653,no-visualization,550,7,6,800,189,3.788359788,1.846560847,,0.343636364,
654,no-visualization,550,7,6,800,172,3.779069767,1.872093023,,0.312727273,
655,no-visualization,550,7,6,800,202,3.742574257,1.821782178,,0.367272727,
656,no-visualization,550,7,6,800,182,3.785714286,1.796703297,,0.330909091,
657,no-visualization,550,7,6,800,170,3.652941176,1.847058824,,0.309090909,
658,no-visualization,550,7,6,800,187,4.139037433,1.946524064,,0.34,
659,no-visualization,550,7,6,800,174,3.844827586,1.816091954,,0.316363636,
660,no-visualization,550,7,6,800,190,3.621052632,1.821052632,,0.345454545,
661,no-visualization,550,7,7,800,180,4.383333333,1.816666667,,0.327272727,0.337818182
662,no-visualization,550,7,7,800,203,4.251231527,1.773399015,,0.369090909,
663,no-visualization,550,7,7,800,189,4.365079365,1.851851852,,0.343636364,
664,no-visualization,550,7,7,800,173,4.260115607,1.867052023,,0.314545455,
665,no-visualization,550,7,7,800,190,4.136842105,1.810526316,,0.345454545,
666,no-visualization,550,7,7,800,193,4.347150259,1.92746114,,0.350909091,
667,no-visualization,550,7,7,800,184,4.266304348,1.940217391,,0.334545455,
668,no-visualization,550,7,7,800,189,4.492063492,1.931216931,,0.343636364,
669,no-visualization,550,7,7,800,169,4.360946746,1.98816568,,0.307272727,
670,no-visualization,550,7,7,800,188,4.260638298,1.888297872,,0.341818182,
671,no-visualization,550,7,8,800,197,4.969543147,1.837563452,,0.358181818,0.356181818
672,no-visualization,550,7,8,800,189,4.783068783,1.862433862,,0.343636364,
673,no-visualization,550,7,8,800,193,4.730569948,1.886010363,,0.350909091,
674,no-visualization,550,7,8,800,185,5.140540541,1.87027027,,0.336363636,
675,no-visualization,550,7,8,800,211,4.81042654,1.82464455,,0.383636364,
676,no-visualization,550,7,8,800,188,5.10106383,1.909574468,,0.341818182,
677,no-visualization,550,7,8,800,195,5.128205128,1.933333333,,0.354545455,
678,no-visualization,550,7,8,800,206,5.252427184,1.834951456,,0.374545455,
679,no-visualization,550,7,8,800,186,4.709677419,1.919354839,,0.338181818,
680,no-visualization,550,7,8,800,209,4.779904306,1.803827751,,0.38,
681,no-visualization,550,7,9,800,192,5.697916667,1.90625,,0.349090909,0.363454545
682,no-visualization,550,7,9,800,204,5.480392157,1.857843137,,0.370909091,
683,no-visualization,550,7,9,800,211,5.222748815,1.838862559,,0.383636364,
684,no-visualization,550,7,9,800,181,5.337016575,1.872928177,,0.329090909,
685,no-visualization,550,7,9,800,200,5.34,1.96,,0.363636364,
686,no-visualization,550,7,9,800,207,5.666666667,1.937198068,,0.376363636,
687,no-visualization,550,7,9,800,201,5.731343284,1.84079602,,0.365454545,
688,no-visualization,550,7,9,800,209,5.459330144,1.885167464,,0.38,
689,no-visualization,550,7,9,800,195,5.471794872,1.846153846,,0.354545455,
690,no-visualization,550,7,9,800,199,5.27638191,1.809045226,,0.361818182,
691,no-visualization,550,7,10,800,211,5.943127962,1.748815166,,0.383636364,0.363454545
692,no-visualization,550,7,10,800,201,6.109452736,1.850746269,,0.365454545,
693,no-visualization,550,7,10,800,210,6.238095238,1.866666667,,0.381818182,
694,no-visualization,550,7,10,800,208,5.879807692,1.918269231,,0.378181818,
695,no-visualization,550,7,10,800,189,5.867724868,1.925925926,,0.343636364,
696,no-visualization,550,7,10,800,193,6.165803109,1.96373057,,0.350909091,
697,no-visualization,550,7,10,800,190,5.668421053,1.926315789,,0.345454545,
698,no-visualization,550,7,10,800,205,5.819512195,1.853658537,,0.372727273,
699,no-visualization,550,7,10,800,189,5.857142857,1.772486772,,0.343636364,
700,no-visualization,550,7,10,800,203,6.280788177,1.931034483,,0.369090909,
701,no-visualization,550,8,1,800,131,1,1.854961832,,0.238181818,0.242363636
702,no-visualization,550,8,1,800,130,1,1.884615385,,0.236363636,
703,no-visualization,550,8,1,800,129,1,1.713178295,,0.234545455,
704,no-visualization,550,8,1,800,141,1,1.787234043,,0.256363636,
705,no-visualization,550,8,1,800,129,1,1.720930233,,0.234545455,
706,no-visualization,550,8,1,800,140,1,1.821428571,,0.254545455,
707,no-visualization,550,8,1,800,117,1,1.606837607,,0.212727273,
708,no-visualization,550,8,1,800,129,1,1.875968992,,0.234545455,
709,no-visualization,550,8,1,800,145,1,1.779310345,,0.263636364,
710,no-visualization,550,8,1,800,142,1,1.711267606,,0.258181818,
711,no-visualization,550,8,2,800,136,1.632352941,1.808823529,,0.247272727,0.250545455
712,no-visualization,550,8,2,800,139,1.561151079,1.820143885,,0.252727273,
713,no-visualization,550,8,2,800,143,1.538461538,1.909090909,,0.26,
714,no-visualization,550,8,2,800,152,1.513157895,1.809210526,,0.276363636,
715,no-visualization,550,8,2,800,142,1.549295775,1.866197183,,0.258181818,
716,no-visualization,550,8,2,800,125,1.496,1.832,,0.227272727,
717,no-visualization,550,8,2,800,134,1.507462687,1.902985075,,0.243636364,
718,no-visualization,550,8,2,800,133,1.443609023,1.789473684,,0.241818182,
719,no-visualization,550,8,2,800,144,1.527777778,1.722222222,,0.261818182,
720,no-visualization,550,8,2,800,130,1.561538462,1.723076923,,0.236363636,
721,no-visualization,550,8,3,800,134,2.059701493,1.805970149,,0.243636364,0.260363636
722,no-visualization,550,8,3,800,126,2.079365079,1.801587302,,0.229090909,
723,no-visualization,550,8,3,800,156,2.032051282,1.66025641,,0.283636364,
724,no-visualization,550,8,3,800,145,2.04137931,1.793103448,,0.263636364,
725,no-visualization,550,8,3,800,158,2.164556962,1.753164557,,0.287272727,
726,no-visualization,550,8,3,800,141,2.085106383,1.730496454,,0.256363636,
727,no-visualization,550,8,3,800,130,1.923076923,1.830769231,,0.236363636,
728,no-visualization,550,8,3,800,142,2.098591549,1.88028169,,0.258181818,
729,no-visualization,550,8,3,800,146,2.04109589,1.787671233,,0.265454545,
730,no-visualization,550,8,3,800,154,2.116883117,1.792207792,,0.28,
731,no-visualization,550,8,4,800,143,2.769230769,1.797202797,,0.26,0.274363636
732,no-visualization,550,8,4,800,165,2.684848485,1.757575758,,0.3,
733,no-visualization,550,8,4,800,155,2.780645161,1.903225806,,0.281818182,
734,no-visualization,550,8,4,800,152,2.605263158,1.769736842,,0.276363636,
735,no-visualization,550,8,4,800,150,2.72,1.84,,0.272727273,
736,no-visualization,550,8,4,800,147,2.605442177,1.850340136,,0.267272727,
737,no-visualization,550,8,4,800,155,2.819354839,1.774193548,,0.281818182,
738,no-visualization,550,8,4,800,148,2.682432432,1.777027027,,0.269090909,
739,no-visualization,550,8,4,800,149,2.738255034,1.771812081,,0.270909091,
740,no-visualization,550,8,4,800,145,2.648275862,1.875862069,,0.263636364,
741,no-visualization,550,8,5,800,151,3.284768212,1.841059603,,0.274545455,0.292727273
742,no-visualization,550,8,5,800,162,3.259259259,1.820987654,,0.294545455,
743,no-visualization,550,8,5,800,167,3.215568862,1.754491018,,0.303636364,
744,no-visualization,550,8,5,800,164,3.182926829,1.859756098,,0.298181818,
745,no-visualization,550,8,5,800,165,3.345454545,1.872727273,,0.3,
746,no-visualization,550,8,5,800,156,3.320512821,1.801282051,,0.283636364,
747,no-visualization,550,8,5,800,147,3.142857143,1.870748299,,0.267272727,
748,no-visualization,550,8,5,800,173,3.260115607,1.832369942,,0.314545455,
749,no-visualization,550,8,5,800,174,3.051724138,1.833333333,,0.316363636,
750,no-visualization,550,8,5,800,151,3.145695364,1.748344371,,0.274545455,
751,no-visualization,550,8,6,800,152,3.756578947,1.815789474,,0.276363636,0.297272727
752,no-visualization,550,8,6,800,146,3.657534247,1.897260274,,0.265454545,
753,no-visualization,550,8,6,800,169,3.75147929,1.893491124,,0.307272727,
754,no-visualization,550,8,6,800,186,3.940860215,1.897849462,,0.338181818,
755,no-visualization,550,8,6,800,183,3.693989071,1.81420765,,0.332727273,
756,no-visualization,550,8,6,800,178,3.921348315,1.786516854,,0.323636364,
757,no-visualization,550,8,6,800,157,3.987261146,1.929936306,,0.285454545,
758,no-visualization,550,8,6,800,146,3.876712329,1.890410959,,0.265454545,
759,no-visualization,550,8,6,800,158,3.949367089,1.898734177,,0.287272727,
760,no-visualization,550,8,6,800,160,3.4625,1.7875,,0.290909091,
761,no-visualization,550,8,7,800,176,4.539772727,1.977272727,,0.32,0.311818182
762,no-visualization,550,8,7,800,176,4.238636364,1.931818182,,0.32,
763,no-visualization,550,8,7,800,166,4.331325301,1.969879518,,0.301818182,
764,no-visualization,550,8,7,800,172,4.290697674,1.906976744,,0.312727273,
765,no-visualization,550,8,7,800,172,4.308139535,1.953488372,,0.312727273,
766,no-visualization,550,8,7,800,177,4.118644068,1.943502825,,0.321818182,
767,no-visualization,550,8,7,800,156,4.057692308,1.91025641,,0.283636364,
768,no-visualization,550,8,7,800,154,4.396103896,2.012987013,,0.28,
769,no-visualization,550,8,7,800,175,4.251428571,1.771428571,,0.318181818,
770,no-visualization,550,8,7,800,191,4.445026178,1.827225131,,0.347272727,
771,no-visualization,550,8,8,800,170,4.858823529,1.876470588,,0.309090909,0.311818182
772,no-visualization,550,8,8,800,174,4.804597701,1.810344828,,0.316363636,
773,no-visualization,550,8,8,800,174,5.040229885,1.896551724,,0.316363636,
774,no-visualization,550,8,8,800,181,5.066298343,1.817679558,,0.329090909,
775,no-visualization,550,8,8,800,164,5.091463415,1.786585366,,0.298181818,
776,no-visualization,550,8,8,800,163,4.993865031,1.81595092,,0.296363636,
777,no-visualization,550,8,8,800,187,5.245989305,1.946524064,,0.34,
778,no-visualization,550,8,8,800,173,4.61849711,1.849710983,,0.314545455,
779,no-visualization,550,8,8,800,160,4.725,1.85625,,0.290909091,
780,no-visualization,550,8,8,800,169,4.644970414,1.834319527,,0.307272727,
781,no-visualization,550,8,9,800,193,5.632124352,1.953367876,,0.350909091,0.314181818
782,no-visualization,550,8,9,800,177,5.711864407,1.762711864,,0.321818182,
783,no-visualization,550,8,9,800,184,5.570652174,1.913043478,,0.334545455,
784,no-visualization,550,8,9,800,174,5.183908046,1.902298851,,0.316363636,
785,no-visualization,550,8,9,800,172,5.302325581,1.936046512,,0.312727273,
786,no-visualization,550,8,9,800,163,5.595092025,1.944785276,,0.296363636,
787,no-visualization,550,8,9,800,181,5.386740331,1.966850829,,0.329090909,
788,no-visualization,550,8,9,800,162,5.444444444,1.962962963,,0.294545455,
789,no-visualization,550,8,9,800,171,5.649122807,1.830409357,,0.310909091,
790,no-visualization,550,8,9,800,151,5.774834437,1.907284768,,0.274545455,
791,no-visualization,550,8,10,800,173,6.283236994,2.063583815,,0.314545455,0.318181818
792,no-visualization,550,8,10,800,174,5.890804598,1.890804598,,0.316363636,
793,no-visualization,550,8,10,800,169,6.00591716,1.946745562,,0.307272727,
794,no-visualization,550,8,10,800,177,5.988700565,2,,0.321818182,
795,no-visualization,550,8,10,800,170,6.270588235,1.941176471,,0.309090909,
796,no-visualization,550,8,10,800,179,5.910614525,1.882681564,,0.325454545,
797,no-visualization,550,8,10,800,185,5.794594595,1.821621622,,0.336363636,
798,no-visualization,550,8,10,800,162,5.845679012,1.820987654,,0.294545455,
799,no-visualization,550,8,10,800,170,6.205882353,1.882352941,,0.309090909,
800,no-visualization,550,8,10,800,191,5.445026178,1.890052356,,0.347272727,
801,no-visualization,550,9,1,800,123,1,1.975609756,,0.223636364,0.220545455
802,no-visualization,550,9,1,800,122,1,1.754098361,,0.221818182,
803,no-visualization,550,9,1,800,106,1,1.820754717,,0.192727273,
804,no-visualization,550,9,1,800,120,1,1.766666667,,0.218181818,
805,no-visualization,550,9,1,800,142,1,1.711267606,,0.258181818,
806,no-visualization,550,9,1,800,123,1,1.764227642,,0.223636364,
807,no-visualization,550,9,1,800,137,1,1.722627737,,0.249090909,
808,no-visualization,550,9,1,800,109,1,1.917431193,,0.198181818,
809,no-visualization,550,9,1,800,118,1,1.940677966,,0.214545455,
810,no-visualization,550,9,1,800,113,1,1.778761062,,0.205454545,
811,no-visualization,550,9,2,800,123,1.463414634,1.837398374,,0.223636364,0.224909091
812,no-visualization,550,9,2,800,109,1.559633028,1.788990826,,0.198181818,
813,no-visualization,550,9,2,800,116,1.50862069,1.767241379,,0.210909091,
814,no-visualization,550,9,2,800,127,1.551181102,1.897637795,,0.230909091,
815,no-visualization,550,9,2,800,125,1.528,1.672,,0.227272727,
816,no-visualization,550,9,2,800,124,1.532258065,1.903225806,,0.225454545,
817,no-visualization,550,9,2,800,131,1.557251908,1.79389313,,0.238181818,
818,no-visualization,550,9,2,800,115,1.565217391,1.791304348,,0.209090909,
819,no-visualization,550,9,2,800,138,1.543478261,1.826086957,,0.250909091,
820,no-visualization,550,9,2,800,129,1.573643411,1.821705426,,0.234545455,
821,no-visualization,550,9,3,800,109,2.091743119,1.798165138,,0.198181818,0.229090909
822,no-visualization,550,9,3,800,140,2.071428571,1.842857143,,0.254545455,
823,no-visualization,550,9,3,800,134,1.962686567,1.850746269,,0.243636364,
824,no-visualization,550,9,3,800,127,2.118110236,1.803149606,,0.230909091,
825,no-visualization,550,9,3,800,123,2.154471545,1.853658537,,0.223636364,
826,no-visualization,550,9,3,800,136,2.154411765,1.830882353,,0.247272727,
827,no-visualization,550,9,3,800,121,1.966942149,1.842975207,,0.22,
828,no-visualization,550,9,3,800,120,2.016666667,1.841666667,,0.218181818,
829,no-visualization,550,9,3,800,127,2.047244094,1.74015748,,0.230909091,
830,no-visualization,550,9,3,800,123,2.089430894,1.975609756,,0.223636364,
831,no-visualization,550,9,4,800,138,2.775362319,1.927536232,,0.250909091,0.241636364
832,no-visualization,550,9,4,800,123,2.715447154,1.837398374,,0.223636364,
833,no-visualization,550,9,4,800,147,2.673469388,1.870748299,,0.267272727,
834,no-visualization,550,9,4,800,153,2.712418301,1.875816993,,0.278181818,
835,no-visualization,550,9,4,800,123,2.658536585,1.886178862,,0.223636364,
836,no-visualization,550,9,4,800,123,2.707317073,1.886178862,,0.223636364,
837,no-visualization,550,9,4,800,131,2.748091603,1.946564885,,0.238181818,
838,no-visualization,550,9,4,800,136,2.705882353,1.830882353,,0.247272727,
839,no-visualization,550,9,4,800,130,2.607692308,1.930769231,,0.236363636,
840,no-visualization,550,9,4,800,125,2.704,1.896,,0.227272727,
841,no-visualization,550,9,5,800,150,3.293333333,1.88,,0.272727273,0.258545455
842,no-visualization,550,9,5,800,142,3.133802817,1.845070423,,0.258181818,
843,no-visualization,550,9,5,800,138,3.253623188,1.782608696,,0.250909091,
844,no-visualization,550,9,5,800,154,3.149350649,1.88961039,,0.28,
845,no-visualization,550,9,5,800,146,3.294520548,1.815068493,,0.265454545,
846,no-visualization,550,9,5,800,131,3.114503817,1.961832061,,0.238181818,
847,no-visualization,550,9,5,800,130,3.184615385,1.869230769,,0.236363636,
848,no-visualization,550,9,5,800,136,3.220588235,1.860294118,,0.247272727,
849,no-visualization,550,9,5,800,135,3.422222222,1.888888889,,0.245454545,
850,no-visualization,550,9,5,800,160,3.34375,1.86875,,0.290909091,
851,no-visualization,550,9,6,800,154,3.811688312,1.818181818,,0.28,0.259454545
852,no-visualization,550,9,6,800,138,3.826086957,1.891304348,,0.250909091,
853,no-visualization,550,9,6,800,141,3.560283688,1.907801418,,0.256363636,
854,no-visualization,550,9,6,800,143,3.755244755,1.79020979,,0.26,
855,no-visualization,550,9,6,800,128,3.734375,1.8359375,,0.232727273,
856,no-visualization,550,9,6,800,152,3.552631579,1.763157895,,0.276363636,
857,no-visualization,550,9,6,800,140,4.15,1.878571429,,0.254545455,
858,no-visualization,550,9,6,800,148,3.783783784,1.831081081,,0.269090909,
859,no-visualization,550,9,6,800,142,3.788732394,1.816901408,,0.258181818,
860,no-visualization,550,9,6,800,141,3.709219858,1.765957447,,0.256363636,
861,no-visualization,550,9,7,800,151,4.112582781,1.748344371,,0.274545455,0.272727273
862,no-visualization,550,9,7,800,147,4.503401361,1.816326531,,0.267272727,
863,no-visualization,550,9,7,800,150,4.466666667,1.94,,0.272727273,
864,no-visualization,550,9,7,800,162,4.117283951,1.87654321,,0.294545455,
865,no-visualization,550,9,7,800,146,4.178082192,1.904109589,,0.265454545,
866,no-visualization,550,9,7,800,143,4.342657343,1.888111888,,0.26,
867,no-visualization,550,9,7,800,165,4.496969697,1.939393939,,0.3,
868,no-visualization,550,9,7,800,152,4.532894737,1.848684211,,0.276363636,
869,no-visualization,550,9,7,800,131,4.27480916,1.824427481,,0.238181818,
870,no-visualization,550,9,7,800,153,4.326797386,1.869281046,,0.278181818,
871,no-visualization,550,9,8,800,156,4.929487179,2.038461538,,0.283636364,0.288727273
872,no-visualization,550,9,8,800,145,4.503448276,1.910344828,,0.263636364,
873,no-visualization,550,9,8,800,176,4.965909091,1.897727273,,0.32,
874,no-visualization,550,9,8,800,160,4.95,1.9125,,0.290909091,
875,no-visualization,550,9,8,800,161,4.639751553,1.888198758,,0.292727273,
876,no-visualization,550,9,8,800,145,5.027586207,1.84137931,,0.263636364,
877,no-visualization,550,9,8,800,160,4.9625,1.8875,,0.290909091,
878,no-visualization,550,9,8,800,161,4.925465839,1.98136646,,0.292727273,
879,no-visualization,550,9,8,800,164,4.731707317,1.81097561,,0.298181818,
880,no-visualization,550,9,8,800,160,4.85625,1.8625,,0.290909091,
881,no-visualization,550,9,9,800,147,5.292517007,1.972789116,,0.267272727,0.278
882,no-visualization,550,9,9,800,143,5.594405594,2,,0.26,
883,no-visualization,550,9,9,800,159,5.100628931,1.937106918,,0.289090909,
884,no-visualization,550,9,9,800,166,5.28313253,1.939759036,,0.301818182,
885,no-visualization,550,9,9,800,147,5.394557823,1.904761905,,0.267272727,
886,no-visualization,550,9,9,800,155,5.24516129,1.812903226,,0.281818182,
887,no-visualization,550,9,9,800,151,5.298013245,2.013245033,,0.274545455,
888,no-visualization,550,9,9,800,147,5.571428571,1.870748299,,0.267272727,
889,no-visualization,550,9,9,800,167,5.275449102,2,,0.303636364,
890,no-visualization,550,9,9,800,147,5.503401361,1.884353741,,0.267272727,
891,no-visualization,550,9,10,800,155,5.793548387,1.935483871,,0.281818182,0.280909091
892,no-visualization,550,9,10,800,149,5.845637584,1.872483221,,0.270909091,
893,no-visualization,550,9,10,800,155,5.567741935,1.961290323,,0.281818182,
894,no-visualization,550,9,10,800,151,5.986754967,1.913907285,,0.274545455,
895,no-visualization,550,9,10,800,157,5.643312102,2,,0.285454545,
896,no-visualization,550,9,10,800,145,5.606896552,2.027586207,,0.263636364,
897,no-visualization,550,9,10,800,156,6.147435897,1.916666667,,0.283636364,
898,no-visualization,550,9,10,800,181,5.73480663,1.91160221,,0.329090909,
899,no-visualization,550,9,10,800,144,5.819444444,2.034722222,,0.261818182,
900,no-visualization,550,9,10,800,152,5.914473684,1.973684211,,0.276363636,
901,no-visualization,550,10,1,800,106,1,1.773584906,,0.192727273,0.201454545
902,no-visualization,550,10,1,800,111,1,1.873873874,,0.201818182,
903,no-visualization,550,10,1,800,115,1,1.773913043,,0.209090909,
904,no-visualization,550,10,1,800,104,1,1.865384615,,0.189090909,
905,no-visualization,550,10,1,800,118,1,1.771186441,,0.214545455,
906,no-visualization,550,10,1,800,112,1,1.714285714,,0.203636364,
907,no-visualization,550,10,1,800,103,1,1.718446602,,0.187272727,
908,no-visualization,550,10,1,800,110,1,1.754545455,,0.2,
909,no-visualization,550,10,1,800,124,1,1.741935484,,0.225454545,
910,no-visualization,550,10,1,800,105,1,1.828571429,,0.190909091,
911,no-visualization,550,10,2,800,114,1.552631579,1.798245614,,0.207272727,0.207272727
912,no-visualization,550,10,2,800,117,1.58974359,1.709401709,,0.212727273,
913,no-visualization,550,10,2,800,104,1.538461538,1.913461538,,0.189090909,
914,no-visualization,550,10,2,800,116,1.49137931,1.715517241,,0.210909091,
915,no-visualization,550,10,2,800,113,1.557522124,1.911504425,,0.205454545,
916,no-visualization,550,10,2,800,108,1.537037037,1.833333333,,0.196363636,
917,no-visualization,550,10,2,800,116,1.5,1.646551724,,0.210909091,
918,no-visualization,550,10,2,800,121,1.504132231,1.826446281,,0.22,
919,no-visualization,550,10,2,800,115,1.443478261,1.895652174,,0.209090909,
920,no-visualization,550,10,2,800,116,1.534482759,1.75,,0.210909091,
921,no-visualization,550,10,3,800,126,2.126984127,1.825396825,,0.229090909,0.212545455
922,no-visualization,550,10,3,800,120,2,1.725,,0.218181818,
923,no-visualization,550,10,3,800,100,2.18,1.94,,0.181818182,
924,no-visualization,550,10,3,800,121,2.107438017,1.809917355,,0.22,
925,no-visualization,550,10,3,800,129,2.03875969,1.84496124,,0.234545455,
926,no-visualization,550,10,3,800,121,2.132231405,1.909090909,,0.22,
927,no-visualization,550,10,3,800,100,2.02,1.9,,0.181818182,
928,no-visualization,550,10,3,800,126,2.111111111,1.738095238,,0.229090909,
929,no-visualization,550,10,3,800,100,2.05,1.97,,0.181818182,
930,no-visualization,550,10,3,800,126,2.007936508,1.817460317,,0.229090909,
931,no-visualization,550,10,4,800,112,2.803571429,1.955357143,,0.203636364,0.215818182
932,no-visualization,550,10,4,800,127,2.614173228,1.866141732,,0.230909091,
933,no-visualization,550,10,4,800,106,2.735849057,1.952830189,,0.192727273,
934,no-visualization,550,10,4,800,112,2.553571429,1.919642857,,0.203636364,
935,no-visualization,550,10,4,800,117,2.786324786,1.820512821,,0.212727273,
936,no-visualization,550,10,4,800,137,2.781021898,1.934306569,,0.249090909,
937,no-visualization,550,10,4,800,125,2.496,1.848,,0.227272727,
938,no-visualization,550,10,4,800,120,2.491666667,1.833333333,,0.218181818,
939,no-visualization,550,10,4,800,107,2.76635514,1.878504673,,0.194545455,
940,no-visualization,550,10,4,800,124,2.782258065,1.838709677,,0.225454545,
941,no-visualization,550,10,5,800,118,3.194915254,1.889830508,,0.214545455,0.241818182
942,no-visualization,550,10,5,800,123,3.43902439,1.861788618,,0.223636364,
943,no-visualization,550,10,5,800,135,3.074074074,1.933333333,,0.245454545,
944,no-visualization,550,10,5,800,127,3.393700787,1.88976378,,0.230909091,
945,no-visualization,550,10,5,800,129,3.11627907,2.054263566,,0.234545455,
946,no-visualization,550,10,5,800,150,3.32,1.873333333,,0.272727273,
947,no-visualization,550,10,5,800,132,3.234848485,1.863636364,,0.24,
948,no-visualization,550,10,5,800,132,3.333333333,2.060606061,,0.24,
949,no-visualization,550,10,5,800,146,3.315068493,1.849315068,,0.265454545,
950,no-visualization,550,10,5,800,138,3.260869565,1.826086957,,0.250909091,
951,no-visualization,550,10,6,800,144,3.652777778,1.791666667,,0.261818182,0.252
952,no-visualization,550,10,6,800,129,3.666666667,1.84496124,,0.234545455,
953,no-visualization,550,10,6,800,133,3.654135338,1.879699248,,0.241818182,
954,no-visualization,550,10,6,800,158,3.829113924,1.784810127,,0.287272727,
955,no-visualization,550,10,6,800,134,3.985074627,1.962686567,,0.243636364,
956,no-visualization,550,10,6,800,152,3.940789474,1.888157895,,0.276363636,
957,no-visualization,550,10,6,800,130,3.561538462,1.9,,0.236363636,
958,no-visualization,550,10,6,800,146,3.636986301,1.794520548,,0.265454545,
959,no-visualization,550,10,6,800,126,3.69047619,1.888888889,,0.229090909,
960,no-visualization,550,10,6,800,134,3.791044776,1.880597015,,0.243636364,
961,no-visualization,550,10,7,800,131,4.106870229,1.908396947,,0.238181818,0.242909091
962,no-visualization,550,10,7,800,120,4.058333333,1.733333333,,0.218181818,
963,no-visualization,550,10,7,800,145,4.082758621,1.910344828,,0.263636364,
964,no-visualization,550,10,7,800,125,4.464,1.936,,0.227272727,
965,no-visualization,550,10,7,800,134,4.492537313,1.835820896,,0.243636364,
966,no-visualization,550,10,7,800,145,4.262068966,1.848275862,,0.263636364,
967,no-visualization,550,10,7,800,136,4.191176471,1.904411765,,0.247272727,
968,no-visualization,550,10,7,800,131,4.106870229,1.870229008,,0.238181818,
969,no-visualization,550,10,7,800,122,4.336065574,1.844262295,,0.221818182,
970,no-visualization,550,10,7,800,147,4.217687075,1.87755102,,0.267272727,
971,no-visualization,550,10,8,800,128,4.9375,1.9765625,,0.232727273,0.246727273
972,no-visualization,550,10,8,800,130,4.530769231,1.853846154,,0.236363636,
973,no-visualization,550,10,8,800,142,4.725352113,1.85915493,,0.258181818,
974,no-visualization,550,10,8,800,116,4.887931034,1.956896552,,0.210909091,
975,no-visualization,550,10,8,800,150,4.8,1.846666667,,0.272727273,
976,no-visualization,550,10,8,800,141,4.893617021,1.921985816,,0.256363636,
977,no-visualization,550,10,8,800,139,4.676258993,1.863309353,,0.252727273,
978,no-visualization,550,10,8,800,135,4.918518519,1.925925926,,0.245454545,
979,no-visualization,550,10,8,800,136,4.683823529,1.867647059,,0.247272727,
980,no-visualization,550,10,8,800,140,5.164285714,1.792857143,,0.254545455,
981,no-visualization,550,10,9,800,138,5.68115942,2.072463768,,0.250909091,0.249636364
982,no-visualization,550,10,9,800,145,5.579310345,1.972413793,,0.263636364,
983,no-visualization,550,10,9,800,128,5.25,1.8671875,,0.232727273,
984,no-visualization,550,10,9,800,147,5.659863946,1.891156463,,0.267272727,
985,no-visualization,550,10,9,800,126,5.174603175,2,,0.229090909,
986,no-visualization,550,10,9,800,143,5.741258741,1.986013986,,0.26,
987,no-visualization,550,10,9,800,137,5.386861314,1.817518248,,0.249090909,
988,no-visualization,550,10,9,800,133,5.082706767,2,,0.241818182,
989,no-visualization,550,10,9,800,142,5.690140845,1.767605634,,0.258181818,
990,no-visualization,550,10,9,800,134,5.320895522,1.992537313,,0.243636364,
991,no-visualization,550,10,10,800,156,6.044871795,1.865384615,,0.283636364,0.263090909
992,no-visualization,550,10,10,800,138,5.304347826,1.905797101,,0.250909091,
993,no-visualization,550,10,10,800,160,5.8,1.88125,,0.290909091,
994,no-visualization,550,10,10,800,138,6.195652174,1.985507246,,0.250909091,
995,no-visualization,550,10,10,800,150,5.853333333,2.013333333,,0.272727273,
996,no-visualization,550,10,10,800,136,6.036764706,1.808823529,,0.247272727,
997,no-visualization,550,10,10,800,156,6.185897436,1.83974359,,0.283636364,
998,no-visualization,550,10,10,800,133,5.977443609,1.939849624,,0.241818182,
999,no-visualization,550,10,10,800,161,5.906832298,1.881987578,,0.292727273,
1000,no-visualization,550,10,10,800,119,5.857142857,2.067226891,,0.216363636,